file,title,description,link,board
/Users/work/code/Star-Rewards/assets/pins/pin-kids-points-chart.png,"How to Build a Points Chart for Kids That Actually Works: 5-Step Parent Guide","Set up a points chart that actually changes behavior: the 5 steps most parents skip, plus free templates. Read the free guide at Star Rewards. #pointschart #rewardchart #parentingtips",https://stellar.gaocaihk.com/kids-points-chart-guide-en.html,Kids Reward Chart Ideas
/Users/work/code/Star-Rewards/assets/pins/pin-kids-points-chart-b.png,"Why Your Kids' Points Chart Isn't Working: 3 Common Mistakes and Easy Fixes","Points chart not working? These 3 mistakes break most reward charts — and each has a simple fix. Read the free guide at Star Rewards. #rewardchart #kidsbehavior #parentingtips",https://stellar.gaocaihk.com/kids-points-chart-guide-en.html,Kids Reward Chart Ideas
/Users/work/code/Star-Rewards/assets/pins/pin-kids-points-chart-c.png,"How to Set Up a Points Chart for Kids in 5 Steps: No Apps or Printing Needed","No apps, no printing — set up a working points chart for your kids in 5 simple steps tonight. Read the free guide at Star Rewards. #pointschart #freeprintable #parentingtips",https://stellar.gaocaihk.com/kids-points-chart-guide-en.html,Kids Reward Chart Ideas
/Users/work/code/Star-Rewards/assets/pins/pin-star-chart.png,"How to Make a Star Chart for Kids: Step-by-Step Guide with Free Templates","Make a star chart for kids step by step, with free online templates you can use tonight. Read the free guide at Star Rewards. #starchart #freeprintable #kidsroutine",https://stellar.gaocaihk.com/star-chart-guide-en.html,Star Chart for Kids
/Users/work/code/Star-Rewards/assets/pins/pin-star-chart-b.png,"Free Printable Star Chart for Kids: Print It Tonight, Start Tomorrow","Print this free star chart tonight and start tomorrow morning — a simple routine kids actually follow. Read the free guide at Star Rewards. #freeprintable #starchart #kidsroutine",https://stellar.gaocaihk.com/star-chart-guide-en.html,Star Chart for Kids
/Users/work/code/Star-Rewards/assets/pins/pin-star-chart-c.png,"Star Charts by Age: What Rewards and Charts Work Best for Ages 3-10","What works at ages 3-5, 6-9 and 10+? Star chart tips and rewards matched to each stage. Read the free guide at Star Rewards. #starchart #parentingtips #kidsrewards",https://stellar.gaocaihk.com/star-chart-guide-en.html,Star Chart for Kids
/Users/work/code/Star-Rewards/assets/pins/pin-habit-building.png,"Why Points Systems Build Real Habits in Kids: The Science and a 6-Step Setup","The behavioral science behind points systems, plus a 6-step setup that builds habits that stick. Read the free guide at Star Rewards. #habitsforkids #positiveparenting #rewardchart",https://stellar.gaocaihk.com/habit-building-guide-en.html,Habit Building for Children
/Users/work/code/Star-Rewards/assets/pins/pin-habit-building-b.png,"The 21-Day Habit Myth: What Really Makes Habits Stick for Children","Habits don't take 21 days — here's what really makes a habit stick for children. Read the free guide at Star Rewards. #habitsforkids #parentingtips #kidsroutine",https://stellar.gaocaihk.com/habit-building-guide-en.html,Habit Building for Children
/Users/work/code/Star-Rewards/assets/pins/pin-habit-building-c.png,"Should Kids Get Rewards Right Away or Later? The Timing Rule That Builds Habits","Immediate or delayed rewards? The timing rule that decides whether habits stick — explained simply. Read the free guide at Star Rewards. #habitsforkids #parentingtips #rewardchart",https://stellar.gaocaihk.com/habit-building-guide-en.html,Habit Building for Children
/Users/work/code/Star-Rewards/assets/pins/pin-chore-vs-points.png,"Chore Chart vs Points System: Which One Builds Responsibility in Kids?","Chore charts and points systems are not the same thing — see which one fits your family and why. Read the free guide at Star Rewards. #chorechart #pointsystem #parenting",https://stellar.gaocaihk.com/chore-chart-guide-en.html,Chore Chart & Responsibility
/Users/work/code/Star-Rewards/assets/pins/pin-chore-vs-points-b.png,"Should Kids Be Paid for Chores? Allowance vs Reward Points for Families","Should kids be paid for chores? The answer most parents don't expect, and a fairer alternative. Read the free guide at Star Rewards. #choresforkids #allowance #parenting",https://stellar.gaocaihk.com/chore-chart-guide-en.html,Chore Chart & Responsibility
/Users/work/code/Star-Rewards/assets/pins/pin-chore-vs-points-c.png,"Age-Appropriate Chores for 5-Year-Olds and Up: A Realistic Chore List for Kids","A realistic age-by-age chore list for 5-year-olds and up — what they can really do alone. Read the free guide at Star Rewards. #choresforkids #chorechart #kidsroutine",https://stellar.gaocaihk.com/chore-chart-guide-en.html,Chore Chart & Responsibility
/Users/work/code/Star-Rewards/assets/pins/pin-reward-ideas.png,"Reward Ideas for Kids by Age Group: Low-Cost Rewards for Ages 3-5, 6-9 and 10+","Reward ideas for kids by age group (3-5, 6-9, 10+): low-cost, high-appeal rewards that work. Read the free guide at Star Rewards. #rewardideas #kidsrewards #parentinghacks",https://stellar.gaocaihk.com/reward-ideas-en.html,Parenting Reward Ideas
/Users/work/code/Star-Rewards/assets/pins/pin-reward-ideas-b.png,"30 Free Reward Ideas for Kids That Cost Nothing: No Money and No Screen Time","30 free reward ideas kids actually want — no money, no screens. Perfect for any reward chart. Read the free guide at Star Rewards. #rewardideas #freeprintable #parentinghacks",https://stellar.gaocaihk.com/reward-ideas-en.html,Parenting Reward Ideas
/Users/work/code/Star-Rewards/assets/pins/pin-reward-ideas-c.png,"Stop Buying Toys as Rewards: Experience Rewards That Motivate Kids Longer","Toys break, experiences stick. Swap material rewards for experience rewards that motivate kids longer. Read the free guide at Star Rewards. #rewardideas #positiveparenting #kidsactivities",https://stellar.gaocaihk.com/reward-ideas-en.html,Parenting Reward Ideas
/Users/work/code/Star-Rewards/assets/pins/pin-behavior-templates.png,"73 Behavior Reward Ideas for Kids' Charts: Copy-Paste Point Entries by Category","Copy 73 point entries straight into your kids' reward chart — sorted by category, ready tonight. Read the free guide at Star Rewards. #behaviorchart #rewardchart #freeprintable",https://stellar.gaocaihk.com/behavior-templates-en.html,Kids Reward Chart Ideas
/Users/work/code/Star-Rewards/assets/pins/pin-behavior-templates-b.png,"What Behaviors Should You Reward? 73 Ready-Made Ideas for Kids' Reward Charts","Stop guessing what to reward: 73 ready-made behavior entries sorted by category. Read the free guide at Star Rewards. #behaviorchart #positiveparenting #rewardchart",https://stellar.gaocaihk.com/behavior-templates-en.html,Kids Reward Chart Ideas
/Users/work/code/Star-Rewards/assets/pins/pin-behavior-templates-c.png,"The Behavior List Every Reward Chart Needs: 73 Printable Entries for Parents","The behavior list every reward chart needs: 73 copy-paste entries covering routines, chores and kindness. Read the free guide at Star Rewards. #behaviorchart #freeprintable #parenting",https://stellar.gaocaihk.com/behavior-templates-en.html,Kids Reward Chart Ideas